model,config,model_path,quantization,run_id,summary_status,summary_error_type,phase2_exists,missing_files,prompts_rows,token_spans_rows,behavior_labels_rows,jbshield_scores_rows,hidden_last_shape,hidden_spans_shape,concept_vector_count,verdict
qwen2.5-14b,configs/runtime/qwen2.5-14b.yml,Qwen/Qwen2.5-14B,8bit,jbshield-qwen-phase2-qwen2.5-14b,success,,True,,7400.0,14800.0,7400.0,12500.0,"(7400, 49, 5120)","(7400, 49, 5120)",10,complete_full
qwen2.5-14b-instruct,configs/runtime/qwen2.5-14b-instruct.yml,Qwen/Qwen2.5-14B-Instruct,8bit,jbshield-qwen-phase2-qwen2.5-14b-instruct,failed,OutOfMemoryError,True,,7400.0,14800.0,7400.0,12500.0,"(7400, 49, 5120)","(7400, 49, 5120)",10,complete_full
qwen2.5-32b,configs/runtime/qwen2.5-32b.yml,Qwen/Qwen2.5-32B,4bit,jbshield-qwen-phase2-qwen2.5-32b,success,,True,,7400.0,14800.0,7400.0,12500.0,"(7400, 65, 5120)","(7400, 65, 5120)",10,complete_full
qwen2.5-32b-instruct,configs/runtime/qwen2.5-32b-instruct.yml,Qwen/Qwen2.5-32B-Instruct,4bit,jbshield-qwen-phase2-qwen2.5-32b-instruct,success,,True,,7400.0,14800.0,7400.0,12500.0,"(7400, 65, 5120)","(7400, 65, 5120)",10,complete_full
qwen2.5-7b,configs/runtime/qwen2.5-7b.yml,Qwen/Qwen2.5-7B,8bit,jbshield-qwen-phase2-qwen2.5-7b,success,,True,,7400.0,14800.0,7400.0,12500.0,"(7400, 29, 3584)","(7400, 29, 3584)",10,complete_full
qwen2.5-7b-instruct,configs/runtime/qwen2.5-7b-instruct.yml,Qwen/Qwen2.5-7B-Instruct,8bit,jbshield-qwen-phase2-qwen2.5-7b-instruct,success,,True,,7400.0,14800.0,7400.0,12500.0,"(7400, 29, 3584)","(7400, 29, 3584)",10,complete_full
qwen3-14b,configs/runtime/qwen3-14b.yml,Qwen/Qwen3-14B,8bit,jbshield-qwen-phase2-qwen3-14b,failed,OutOfMemoryError,False,"prompts.parquet,model_metadata.parquet,token_spans.parquet,behavior_labels.parquet,generation_outputs.parquet,hidden_last.safetensors,hidden_spans.safetensors,jbshield_scores.parquet,calibration_artifacts/thresholds.parquet,calibration_artifacts/concept_stats.parquet,calibration_artifacts/concept_vectors.safetensors",,,,,None,None,0,missing_phase2
qwen3-32b,configs/runtime/qwen3-32b.yml,Qwen/Qwen3-32B,4bit,jbshield-qwen-phase2-qwen3-32b,failed,ValueError,False,"prompts.parquet,model_metadata.parquet,token_spans.parquet,behavior_labels.parquet,generation_outputs.parquet,hidden_last.safetensors,hidden_spans.safetensors,jbshield_scores.parquet,calibration_artifacts/thresholds.parquet,calibration_artifacts/concept_stats.parquet,calibration_artifacts/concept_vectors.safetensors",,,,,None,None,0,missing_phase2
qwen3-8b,configs/runtime/qwen3-8b.yml,Qwen/Qwen3-8B,8bit,jbshield-qwen-phase2-qwen3-8b,failed,OutOfMemoryError,True,,7400.0,14800.0,7400.0,12500.0,"(7400, 37, 4096)","(7400, 37, 4096)",10,complete_full
