run_id,model_name,vector_a,vector_a_type,vector_a_family,vector_b,vector_b_type,vector_b_family,cosine
jbshield-qwen-phase2-qwen2.5-14b,qwen2.5-14b,jailbreak__autodan,jailbreak,autodan,jailbreak__autodan,jailbreak,autodan,1.0
jbshield-qwen-phase2-qwen2.5-14b,qwen2.5-14b,jailbreak__autodan,jailbreak,autodan,jailbreak__base64,jailbreak,base64,-0.402238667011261
jbshield-qwen-phase2-qwen2.5-14b,qwen2.5-14b,jailbreak__autodan,jailbreak,autodan,jailbreak__drattack,jailbreak,drattack,-0.28789427876472473
jbshield-qwen-phase2-qwen2.5-14b,qwen2.5-14b,jailbreak__autodan,jailbreak,autodan,jailbreak__gcg,jailbreak,gcg,-0.8001471161842346
jbshield-qwen-phase2-qwen2.5-14b,qwen2.5-14b,jailbreak__autodan,jailbreak,autodan,jailbreak__ijp,jailbreak,ijp,-0.7763857841491699
jbshield-qwen-phase2-qwen2.5-14b,qwen2.5-14b,jailbreak__autodan,jailbreak,autodan,jailbreak__pair,jailbreak,pair,0.05004935711622238
jbshield-qwen-phase2-qwen2.5-14b,qwen2.5-14b,jailbreak__autodan,jailbreak,autodan,jailbreak__puzzler,jailbreak,puzzler,-0.23731455206871033
jbshield-qwen-phase2-qwen2.5-14b,qwen2.5-14b,jailbreak__autodan,jailbreak,autodan,jailbreak__saa,jailbreak,saa,0.004629083443433046
jbshield-qwen-phase2-qwen2.5-14b,qwen2.5-14b,jailbreak__autodan,jailbreak,autodan,jailbreak__zulu,jailbreak,zulu,-0.8241040706634521
jbshield-qwen-phase2-qwen2.5-14b,qwen2.5-14b,jailbreak__autodan,jailbreak,autodan,toxic,toxic,toxic,-0.6223962306976318
jbshield-qwen-phase2-qwen2.5-14b,qwen2.5-14b,jailbreak__base64,jailbreak,base64,jailbreak__base64,jailbreak,base64,1.000000238418579
jbshield-qwen-phase2-qwen2.5-14b,qwen2.5-14b,jailbreak__base64,jailbreak,base64,jailbreak__drattack,jailbreak,drattack,0.22557677328586578
jbshield-qwen-phase2-qwen2.5-14b,qwen2.5-14b,jailbreak__base64,jailbreak,base64,jailbreak__gcg,jailbreak,gcg,0.3690931797027588
jbshield-qwen-phase2-qwen2.5-14b,qwen2.5-14b,jailbreak__base64,jailbreak,base64,jailbreak__ijp,jailbreak,ijp,0.3742319345474243
jbshield-qwen-phase2-qwen2.5-14b,qwen2.5-14b,jailbreak__base64,jailbreak,base64,jailbreak__pair,jailbreak,pair,0.09624948352575302
jbshield-qwen-phase2-qwen2.5-14b,qwen2.5-14b,jailbreak__base64,jailbreak,base64,jailbreak__puzzler,jailbreak,puzzler,0.25937989354133606
jbshield-qwen-phase2-qwen2.5-14b,qwen2.5-14b,jailbreak__base64,jailbreak,base64,jailbreak__saa,jailbreak,saa,-0.02161581628024578
jbshield-qwen-phase2-qwen2.5-14b,qwen2.5-14b,jailbreak__base64,jailbreak,base64,jailbreak__zulu,jailbreak,zulu,0.3629337251186371
jbshield-qwen-phase2-qwen2.5-14b,qwen2.5-14b,jailbreak__base64,jailbreak,base64,toxic,toxic,toxic,0.23941823840141296
jbshield-qwen-phase2-qwen2.5-14b,qwen2.5-14b,jailbreak__drattack,jailbreak,drattack,jailbreak__drattack,jailbreak,drattack,1.0000001192092896
jbshield-qwen-phase2-qwen2.5-14b,qwen2.5-14b,jailbreak__drattack,jailbreak,drattack,jailbreak__gcg,jailbreak,gcg,0.26320526003837585
jbshield-qwen-phase2-qwen2.5-14b,qwen2.5-14b,jailbreak__drattack,jailbreak,drattack,jailbreak__ijp,jailbreak,ijp,0.4020962417125702
jbshield-qwen-phase2-qwen2.5-14b,qwen2.5-14b,jailbreak__drattack,jailbreak,drattack,jailbreak__pair,jailbreak,pair,0.060650214552879333
jbshield-qwen-phase2-qwen2.5-14b,qwen2.5-14b,jailbreak__drattack,jailbreak,drattack,jailbreak__puzzler,jailbreak,puzzler,0.26740849018096924
jbshield-qwen-phase2-qwen2.5-14b,qwen2.5-14b,jailbreak__drattack,jailbreak,drattack,jailbreak__saa,jailbreak,saa,0.00494030024856329
jbshield-qwen-phase2-qwen2.5-14b,qwen2.5-14b,jailbreak__drattack,jailbreak,drattack,jailbreak__zulu,jailbreak,zulu,0.29969727993011475
jbshield-qwen-phase2-qwen2.5-14b,qwen2.5-14b,jailbreak__drattack,jailbreak,drattack,toxic,toxic,toxic,0.3494555652141571
jbshield-qwen-phase2-qwen2.5-14b,qwen2.5-14b,jailbreak__gcg,jailbreak,gcg,jailbreak__gcg,jailbreak,gcg,1.0000001192092896
jbshield-qwen-phase2-qwen2.5-14b,qwen2.5-14b,jailbreak__gcg,jailbreak,gcg,jailbreak__ijp,jailbreak,ijp,0.807376503944397
jbshield-qwen-phase2-qwen2.5-14b,qwen2.5-14b,jailbreak__gcg,jailbreak,gcg,jailbreak__pair,jailbreak,pair,-0.07213043421506882
jbshield-qwen-phase2-qwen2.5-14b,qwen2.5-14b,jailbreak__gcg,jailbreak,gcg,jailbreak__puzzler,jailbreak,puzzler,0.2640587389469147
jbshield-qwen-phase2-qwen2.5-14b,qwen2.5-14b,jailbreak__gcg,jailbreak,gcg,jailbreak__saa,jailbreak,saa,-0.001819085911847651
jbshield-qwen-phase2-qwen2.5-14b,qwen2.5-14b,jailbreak__gcg,jailbreak,gcg,jailbreak__zulu,jailbreak,zulu,0.9075770378112793
jbshield-qwen-phase2-qwen2.5-14b,qwen2.5-14b,jailbreak__gcg,jailbreak,gcg,toxic,toxic,toxic,0.6480271220207214
jbshield-qwen-phase2-qwen2.5-14b,qwen2.5-14b,jailbreak__ijp,jailbreak,ijp,jailbreak__ijp,jailbreak,ijp,0.9999998807907104
jbshield-qwen-phase2-qwen2.5-14b,qwen2.5-14b,jailbreak__ijp,jailbreak,ijp,jailbreak__pair,jailbreak,pair,0.07387331873178482
jbshield-qwen-phase2-qwen2.5-14b,qwen2.5-14b,jailbreak__ijp,jailbreak,ijp,jailbreak__puzzler,jailbreak,puzzler,0.3127976953983307
jbshield-qwen-phase2-qwen2.5-14b,qwen2.5-14b,jailbreak__ijp,jailbreak,ijp,jailbreak__saa,jailbreak,saa,-0.008463971316814423
jbshield-qwen-phase2-qwen2.5-14b,qwen2.5-14b,jailbreak__ijp,jailbreak,ijp,jailbreak__zulu,jailbreak,zulu,0.8411269187927246
jbshield-qwen-phase2-qwen2.5-14b,qwen2.5-14b,jailbreak__ijp,jailbreak,ijp,toxic,toxic,toxic,0.6702764630317688
jbshield-qwen-phase2-qwen2.5-14b,qwen2.5-14b,jailbreak__pair,jailbreak,pair,jailbreak__pair,jailbreak,pair,1.0000001192092896
jbshield-qwen-phase2-qwen2.5-14b,qwen2.5-14b,jailbreak__pair,jailbreak,pair,jailbreak__puzzler,jailbreak,puzzler,-0.01818465068936348
jbshield-qwen-phase2-qwen2.5-14b,qwen2.5-14b,jailbreak__pair,jailbreak,pair,jailbreak__saa,jailbreak,saa,-0.036680277436971664
jbshield-qwen-phase2-qwen2.5-14b,qwen2.5-14b,jailbreak__pair,jailbreak,pair,jailbreak__zulu,jailbreak,zulu,-0.11879473179578781
jbshield-qwen-phase2-qwen2.5-14b,qwen2.5-14b,jailbreak__pair,jailbreak,pair,toxic,toxic,toxic,-0.11667828261852264
jbshield-qwen-phase2-qwen2.5-14b,qwen2.5-14b,jailbreak__puzzler,jailbreak,puzzler,jailbreak__puzzler,jailbreak,puzzler,1.0000001192092896
jbshield-qwen-phase2-qwen2.5-14b,qwen2.5-14b,jailbreak__puzzler,jailbreak,puzzler,jailbreak__saa,jailbreak,saa,0.0017579614650458097
jbshield-qwen-phase2-qwen2.5-14b,qwen2.5-14b,jailbreak__puzzler,jailbreak,puzzler,jailbreak__zulu,jailbreak,zulu,0.27137938141822815
jbshield-qwen-phase2-qwen2.5-14b,qwen2.5-14b,jailbreak__puzzler,jailbreak,puzzler,toxic,toxic,toxic,0.3027072250843048
jbshield-qwen-phase2-qwen2.5-14b,qwen2.5-14b,jailbreak__saa,jailbreak,saa,jailbreak__saa,jailbreak,saa,1.0
jbshield-qwen-phase2-qwen2.5-14b,qwen2.5-14b,jailbreak__saa,jailbreak,saa,jailbreak__zulu,jailbreak,zulu,-0.011717399582266808
jbshield-qwen-phase2-qwen2.5-14b,qwen2.5-14b,jailbreak__saa,jailbreak,saa,toxic,toxic,toxic,-0.00019358537974767387
jbshield-qwen-phase2-qwen2.5-14b,qwen2.5-14b,jailbreak__zulu,jailbreak,zulu,jailbreak__zulu,jailbreak,zulu,0.9999998807907104
jbshield-qwen-phase2-qwen2.5-14b,qwen2.5-14b,jailbreak__zulu,jailbreak,zulu,toxic,toxic,toxic,0.704949676990509
jbshield-qwen-phase2-qwen2.5-14b,qwen2.5-14b,toxic,toxic,toxic,toxic,toxic,toxic,1.0000003576278687
jbshield-qwen-phase2-qwen2.5-14b-instruct,qwen2.5-14b-instruct,jailbreak__autodan,jailbreak,autodan,jailbreak__autodan,jailbreak,autodan,1.0000001192092896
jbshield-qwen-phase2-qwen2.5-14b-instruct,qwen2.5-14b-instruct,jailbreak__autodan,jailbreak,autodan,jailbreak__base64,jailbreak,base64,0.46526333689689636
jbshield-qwen-phase2-qwen2.5-14b-instruct,qwen2.5-14b-instruct,jailbreak__autodan,jailbreak,autodan,jailbreak__drattack,jailbreak,drattack,0.5144298672676086
jbshield-qwen-phase2-qwen2.5-14b-instruct,qwen2.5-14b-instruct,jailbreak__autodan,jailbreak,autodan,jailbreak__gcg,jailbreak,gcg,0.7323050498962402
jbshield-qwen-phase2-qwen2.5-14b-instruct,qwen2.5-14b-instruct,jailbreak__autodan,jailbreak,autodan,jailbreak__ijp,jailbreak,ijp,0.7531593441963196
jbshield-qwen-phase2-qwen2.5-14b-instruct,qwen2.5-14b-instruct,jailbreak__autodan,jailbreak,autodan,jailbreak__pair,jailbreak,pair,0.2929688096046448
jbshield-qwen-phase2-qwen2.5-14b-instruct,qwen2.5-14b-instruct,jailbreak__autodan,jailbreak,autodan,jailbreak__puzzler,jailbreak,puzzler,0.38269612193107605
jbshield-qwen-phase2-qwen2.5-14b-instruct,qwen2.5-14b-instruct,jailbreak__autodan,jailbreak,autodan,jailbreak__saa,jailbreak,saa,0.13819190859794617
jbshield-qwen-phase2-qwen2.5-14b-instruct,qwen2.5-14b-instruct,jailbreak__autodan,jailbreak,autodan,jailbreak__zulu,jailbreak,zulu,0.18443496525287628
jbshield-qwen-phase2-qwen2.5-14b-instruct,qwen2.5-14b-instruct,jailbreak__autodan,jailbreak,autodan,toxic,toxic,toxic,-0.5876138806343079
jbshield-qwen-phase2-qwen2.5-14b-instruct,qwen2.5-14b-instruct,jailbreak__base64,jailbreak,base64,jailbreak__base64,jailbreak,base64,1.0
jbshield-qwen-phase2-qwen2.5-14b-instruct,qwen2.5-14b-instruct,jailbreak__base64,jailbreak,base64,jailbreak__drattack,jailbreak,drattack,0.4695984423160553
jbshield-qwen-phase2-qwen2.5-14b-instruct,qwen2.5-14b-instruct,jailbreak__base64,jailbreak,base64,jailbreak__gcg,jailbreak,gcg,0.545554518699646
jbshield-qwen-phase2-qwen2.5-14b-instruct,qwen2.5-14b-instruct,jailbreak__base64,jailbreak,base64,jailbreak__ijp,jailbreak,ijp,0.6043756604194641
jbshield-qwen-phase2-qwen2.5-14b-instruct,qwen2.5-14b-instruct,jailbreak__base64,jailbreak,base64,jailbreak__pair,jailbreak,pair,0.3073042333126068
jbshield-qwen-phase2-qwen2.5-14b-instruct,qwen2.5-14b-instruct,jailbreak__base64,jailbreak,base64,jailbreak__puzzler,jailbreak,puzzler,0.4242628216743469
jbshield-qwen-phase2-qwen2.5-14b-instruct,qwen2.5-14b-instruct,jailbreak__base64,jailbreak,base64,jailbreak__saa,jailbreak,saa,0.12625427544116974
jbshield-qwen-phase2-qwen2.5-14b-instruct,qwen2.5-14b-instruct,jailbreak__base64,jailbreak,base64,jailbreak__zulu,jailbreak,zulu,0.15094053745269775
jbshield-qwen-phase2-qwen2.5-14b-instruct,qwen2.5-14b-instruct,jailbreak__base64,jailbreak,base64,toxic,toxic,toxic,-0.5705731511116028
jbshield-qwen-phase2-qwen2.5-14b-instruct,qwen2.5-14b-instruct,jailbreak__drattack,jailbreak,drattack,jailbreak__drattack,jailbreak,drattack,0.9999998211860657
jbshield-qwen-phase2-qwen2.5-14b-instruct,qwen2.5-14b-instruct,jailbreak__drattack,jailbreak,drattack,jailbreak__gcg,jailbreak,gcg,0.554582953453064
jbshield-qwen-phase2-qwen2.5-14b-instruct,qwen2.5-14b-instruct,jailbreak__drattack,jailbreak,drattack,jailbreak__ijp,jailbreak,ijp,0.6994999647140503
jbshield-qwen-phase2-qwen2.5-14b-instruct,qwen2.5-14b-instruct,jailbreak__drattack,jailbreak,drattack,jailbreak__pair,jailbreak,pair,0.4663475453853607
jbshield-qwen-phase2-qwen2.5-14b-instruct,qwen2.5-14b-instruct,jailbreak__drattack,jailbreak,drattack,jailbreak__puzzler,jailbreak,puzzler,0.5470849871635437
jbshield-qwen-phase2-qwen2.5-14b-instruct,qwen2.5-14b-instruct,jailbreak__drattack,jailbreak,drattack,jailbreak__saa,jailbreak,saa,0.2138112634420395
jbshield-qwen-phase2-qwen2.5-14b-instruct,qwen2.5-14b-instruct,jailbreak__drattack,jailbreak,drattack,jailbreak__zulu,jailbreak,zulu,0.19462129473686218
jbshield-qwen-phase2-qwen2.5-14b-instruct,qwen2.5-14b-instruct,jailbreak__drattack,jailbreak,drattack,toxic,toxic,toxic,-0.6983185410499573
jbshield-qwen-phase2-qwen2.5-14b-instruct,qwen2.5-14b-instruct,jailbreak__gcg,jailbreak,gcg,jailbreak__gcg,jailbreak,gcg,1.0000001192092896
jbshield-qwen-phase2-qwen2.5-14b-instruct,qwen2.5-14b-instruct,jailbreak__gcg,jailbreak,gcg,jailbreak__ijp,jailbreak,ijp,0.8201378583908081
jbshield-qwen-phase2-qwen2.5-14b-instruct,qwen2.5-14b-instruct,jailbreak__gcg,jailbreak,gcg,jailbreak__pair,jailbreak,pair,0.28392112255096436
jbshield-qwen-phase2-qwen2.5-14b-instruct,qwen2.5-14b-instruct,jailbreak__gcg,jailbreak,gcg,jailbreak__puzzler,jailbreak,puzzler,0.41185569763183594
jbshield-qwen-phase2-qwen2.5-14b-instruct,qwen2.5-14b-instruct,jailbreak__gcg,jailbreak,gcg,jailbreak__saa,jailbreak,saa,0.13180045783519745
jbshield-qwen-phase2-qwen2.5-14b-instruct,qwen2.5-14b-instruct,jailbreak__gcg,jailbreak,gcg,jailbreak__zulu,jailbreak,zulu,0.13207663595676422
jbshield-qwen-phase2-qwen2.5-14b-instruct,qwen2.5-14b-instruct,jailbreak__gcg,jailbreak,gcg,toxic,toxic,toxic,-0.588570237159729
jbshield-qwen-phase2-qwen2.5-14b-instruct,qwen2.5-14b-instruct,jailbreak__ijp,jailbreak,ijp,jailbreak__ijp,jailbreak,ijp,1.000000238418579
jbshield-qwen-phase2-qwen2.5-14b-instruct,qwen2.5-14b-instruct,jailbreak__ijp,jailbreak,ijp,jailbreak__pair,jailbreak,pair,0.4210432469844818
jbshield-qwen-phase2-qwen2.5-14b-instruct,qwen2.5-14b-instruct,jailbreak__ijp,jailbreak,ijp,jailbreak__puzzler,jailbreak,puzzler,0.5380157232284546
jbshield-qwen-phase2-qwen2.5-14b-instruct,qwen2.5-14b-instruct,jailbreak__ijp,jailbreak,ijp,jailbreak__saa,jailbreak,saa,0.2262166291475296
jbshield-qwen-phase2-qwen2.5-14b-instruct,qwen2.5-14b-instruct,jailbreak__ijp,jailbreak,ijp,jailbreak__zulu,jailbreak,zulu,0.2440575212240219
jbshield-qwen-phase2-qwen2.5-14b-instruct,qwen2.5-14b-instruct,jailbreak__ijp,jailbreak,ijp,toxic,toxic,toxic,-0.7582800388336182
jbshield-qwen-phase2-qwen2.5-14b-instruct,qwen2.5-14b-instruct,jailbreak__pair,jailbreak,pair,jailbreak__pair,jailbreak,pair,0.9999998807907104
jbshield-qwen-phase2-qwen2.5-14b-instruct,qwen2.5-14b-instruct,jailbreak__pair,jailbreak,pair,jailbreak__puzzler,jailbreak,puzzler,0.3212807774543762
jbshield-qwen-phase2-qwen2.5-14b-instruct,qwen2.5-14b-instruct,jailbreak__pair,jailbreak,pair,jailbreak__saa,jailbreak,saa,0.33620935678482056
jbshield-qwen-phase2-qwen2.5-14b-instruct,qwen2.5-14b-instruct,jailbreak__pair,jailbreak,pair,jailbreak__zulu,jailbreak,zulu,0.16977424919605255
jbshield-qwen-phase2-qwen2.5-14b-instruct,qwen2.5-14b-instruct,jailbreak__pair,jailbreak,pair,toxic,toxic,toxic,-0.5479022264480591
jbshield-qwen-phase2-qwen2.5-14b-instruct,qwen2.5-14b-instruct,jailbreak__puzzler,jailbreak,puzzler,jailbreak__puzzler,jailbreak,puzzler,1.000000238418579
jbshield-qwen-phase2-qwen2.5-14b-instruct,qwen2.5-14b-instruct,jailbreak__puzzler,jailbreak,puzzler,jailbreak__saa,jailbreak,saa,0.16723762452602386
jbshield-qwen-phase2-qwen2.5-14b-instruct,qwen2.5-14b-instruct,jailbreak__puzzler,jailbreak,puzzler,jailbreak__zulu,jailbreak,zulu,0.18361414968967438
jbshield-qwen-phase2-qwen2.5-14b-instruct,qwen2.5-14b-instruct,jailbreak__puzzler,jailbreak,puzzler,toxic,toxic,toxic,-0.6253368258476257
jbshield-qwen-phase2-qwen2.5-14b-instruct,qwen2.5-14b-instruct,jailbreak__saa,jailbreak,saa,jailbreak__saa,jailbreak,saa,1.0000001192092896
jbshield-qwen-phase2-qwen2.5-14b-instruct,qwen2.5-14b-instruct,jailbreak__saa,jailbreak,saa,jailbreak__zulu,jailbreak,zulu,0.25044170022010803
jbshield-qwen-phase2-qwen2.5-14b-instruct,qwen2.5-14b-instruct,jailbreak__saa,jailbreak,saa,toxic,toxic,toxic,-0.22998955845832825
jbshield-qwen-phase2-qwen2.5-14b-instruct,qwen2.5-14b-instruct,jailbreak__zulu,jailbreak,zulu,jailbreak__zulu,jailbreak,zulu,0.9999998807907104
jbshield-qwen-phase2-qwen2.5-14b-instruct,qwen2.5-14b-instruct,jailbreak__zulu,jailbreak,zulu,toxic,toxic,toxic,-0.30206090211868286
jbshield-qwen-phase2-qwen2.5-14b-instruct,qwen2.5-14b-instruct,toxic,toxic,toxic,toxic,toxic,toxic,1.0
jbshield-qwen-phase2-qwen2.5-32b,qwen2.5-32b,jailbreak__autodan,jailbreak,autodan,jailbreak__autodan,jailbreak,autodan,0.9999998807907104
jbshield-qwen-phase2-qwen2.5-32b,qwen2.5-32b,jailbreak__autodan,jailbreak,autodan,jailbreak__base64,jailbreak,base64,-0.281605988740921
jbshield-qwen-phase2-qwen2.5-32b,qwen2.5-32b,jailbreak__autodan,jailbreak,autodan,jailbreak__drattack,jailbreak,drattack,-0.2722238302230835
jbshield-qwen-phase2-qwen2.5-32b,qwen2.5-32b,jailbreak__autodan,jailbreak,autodan,jailbreak__gcg,jailbreak,gcg,-0.716841459274292
jbshield-qwen-phase2-qwen2.5-32b,qwen2.5-32b,jailbreak__autodan,jailbreak,autodan,jailbreak__ijp,jailbreak,ijp,0.5858579277992249
jbshield-qwen-phase2-qwen2.5-32b,qwen2.5-32b,jailbreak__autodan,jailbreak,autodan,jailbreak__pair,jailbreak,pair,-0.052202388644218445
jbshield-qwen-phase2-qwen2.5-32b,qwen2.5-32b,jailbreak__autodan,jailbreak,autodan,jailbreak__puzzler,jailbreak,puzzler,-0.20738406479358673
jbshield-qwen-phase2-qwen2.5-32b,qwen2.5-32b,jailbreak__autodan,jailbreak,autodan,jailbreak__saa,jailbreak,saa,-0.0009230714640580118
jbshield-qwen-phase2-qwen2.5-32b,qwen2.5-32b,jailbreak__autodan,jailbreak,autodan,jailbreak__zulu,jailbreak,zulu,-0.7322846055030823
jbshield-qwen-phase2-qwen2.5-32b,qwen2.5-32b,jailbreak__autodan,jailbreak,autodan,toxic,toxic,toxic,-0.5612290501594543
jbshield-qwen-phase2-qwen2.5-32b,qwen2.5-32b,jailbreak__base64,jailbreak,base64,jailbreak__base64,jailbreak,base64,1.000000238418579
jbshield-qwen-phase2-qwen2.5-32b,qwen2.5-32b,jailbreak__base64,jailbreak,base64,jailbreak__drattack,jailbreak,drattack,0.17155048251152039
jbshield-qwen-phase2-qwen2.5-32b,qwen2.5-32b,jailbreak__base64,jailbreak,base64,jailbreak__gcg,jailbreak,gcg,0.2316516786813736
jbshield-qwen-phase2-qwen2.5-32b,qwen2.5-32b,jailbreak__base64,jailbreak,base64,jailbreak__ijp,jailbreak,ijp,-0.2511712610721588
jbshield-qwen-phase2-qwen2.5-32b,qwen2.5-32b,jailbreak__base64,jailbreak,base64,jailbreak__pair,jailbreak,pair,0.11381545662879944
jbshield-qwen-phase2-qwen2.5-32b,qwen2.5-32b,jailbreak__base64,jailbreak,base64,jailbreak__puzzler,jailbreak,puzzler,0.19787175953388214
jbshield-qwen-phase2-qwen2.5-32b,qwen2.5-32b,jailbreak__base64,jailbreak,base64,jailbreak__saa,jailbreak,saa,0.006583033595234156
jbshield-qwen-phase2-qwen2.5-32b,qwen2.5-32b,jailbreak__base64,jailbreak,base64,jailbreak__zulu,jailbreak,zulu,0.21794910728931427
jbshield-qwen-phase2-qwen2.5-32b,qwen2.5-32b,jailbreak__base64,jailbreak,base64,toxic,toxic,toxic,0.15539886057376862
jbshield-qwen-phase2-qwen2.5-32b,qwen2.5-32b,jailbreak__drattack,jailbreak,drattack,jailbreak__drattack,jailbreak,drattack,1.000000238418579
jbshield-qwen-phase2-qwen2.5-32b,qwen2.5-32b,jailbreak__drattack,jailbreak,drattack,jailbreak__gcg,jailbreak,gcg,0.25058987736701965
jbshield-qwen-phase2-qwen2.5-32b,qwen2.5-32b,jailbreak__drattack,jailbreak,drattack,jailbreak__ijp,jailbreak,ijp,-0.41471847891807556
jbshield-qwen-phase2-qwen2.5-32b,qwen2.5-32b,jailbreak__drattack,jailbreak,drattack,jailbreak__pair,jailbreak,pair,0.060129743069410324
jbshield-qwen-phase2-qwen2.5-32b,qwen2.5-32b,jailbreak__drattack,jailbreak,drattack,jailbreak__puzzler,jailbreak,puzzler,0.20215986669063568
jbshield-qwen-phase2-qwen2.5-32b,qwen2.5-32b,jailbreak__drattack,jailbreak,drattack,jailbreak__saa,jailbreak,saa,0.004645161796361208
jbshield-qwen-phase2-qwen2.5-32b,qwen2.5-32b,jailbreak__drattack,jailbreak,drattack,jailbreak__zulu,jailbreak,zulu,0.2666913568973541
jbshield-qwen-phase2-qwen2.5-32b,qwen2.5-32b,jailbreak__drattack,jailbreak,drattack,toxic,toxic,toxic,0.31348180770874023
jbshield-qwen-phase2-qwen2.5-32b,qwen2.5-32b,jailbreak__gcg,jailbreak,gcg,jailbreak__gcg,jailbreak,gcg,0.9999998807907104
jbshield-qwen-phase2-qwen2.5-32b,qwen2.5-32b,jailbreak__gcg,jailbreak,gcg,jailbreak__ijp,jailbreak,ijp,-0.5776176452636719
jbshield-qwen-phase2-qwen2.5-32b,qwen2.5-32b,jailbreak__gcg,jailbreak,gcg,jailbreak__pair,jailbreak,pair,-0.004985193721950054
jbshield-qwen-phase2-qwen2.5-32b,qwen2.5-32b,jailbreak__gcg,jailbreak,gcg,jailbreak__puzzler,jailbreak,puzzler,0.22086043655872345
jbshield-qwen-phase2-qwen2.5-32b,qwen2.5-32b,jailbreak__gcg,jailbreak,gcg,jailbreak__saa,jailbreak,saa,-0.0007301936857402325
jbshield-qwen-phase2-qwen2.5-32b,qwen2.5-32b,jailbreak__gcg,jailbreak,gcg,jailbreak__zulu,jailbreak,zulu,0.8927268385887146
jbshield-qwen-phase2-qwen2.5-32b,qwen2.5-32b,jailbreak__gcg,jailbreak,gcg,toxic,toxic,toxic,0.6445199847221375
jbshield-qwen-phase2-qwen2.5-32b,qwen2.5-32b,jailbreak__ijp,jailbreak,ijp,jailbreak__ijp,jailbreak,ijp,1.0
jbshield-qwen-phase2-qwen2.5-32b,qwen2.5-32b,jailbreak__ijp,jailbreak,ijp,jailbreak__pair,jailbreak,pair,-0.26109328866004944
jbshield-qwen-phase2-qwen2.5-32b,qwen2.5-32b,jailbreak__ijp,jailbreak,ijp,jailbreak__puzzler,jailbreak,puzzler,-0.23006756603717804
jbshield-qwen-phase2-qwen2.5-32b,qwen2.5-32b,jailbreak__ijp,jailbreak,ijp,jailbreak__saa,jailbreak,saa,-0.0017240425804629922
jbshield-qwen-phase2-qwen2.5-32b,qwen2.5-32b,jailbreak__ijp,jailbreak,ijp,jailbreak__zulu,jailbreak,zulu,-0.5995305776596069
jbshield-qwen-phase2-qwen2.5-32b,qwen2.5-32b,jailbreak__ijp,jailbreak,ijp,toxic,toxic,toxic,-0.5305400490760803
jbshield-qwen-phase2-qwen2.5-32b,qwen2.5-32b,jailbreak__pair,jailbreak,pair,jailbreak__pair,jailbreak,pair,1.0000001192092896
jbshield-qwen-phase2-qwen2.5-32b,qwen2.5-32b,jailbreak__pair,jailbreak,pair,jailbreak__puzzler,jailbreak,puzzler,-0.0007305371691472828
jbshield-qwen-phase2-qwen2.5-32b,qwen2.5-32b,jailbreak__pair,jailbreak,pair,jailbreak__saa,jailbreak,saa,-0.008201517164707184
jbshield-qwen-phase2-qwen2.5-32b,qwen2.5-32b,jailbreak__pair,jailbreak,pair,jailbreak__zulu,jailbreak,zulu,-0.035136718302965164
jbshield-qwen-phase2-qwen2.5-32b,qwen2.5-32b,jailbreak__pair,jailbreak,pair,toxic,toxic,toxic,-0.028767045587301254
jbshield-qwen-phase2-qwen2.5-32b,qwen2.5-32b,jailbreak__puzzler,jailbreak,puzzler,jailbreak__puzzler,jailbreak,puzzler,1.000000238418579
jbshield-qwen-phase2-qwen2.5-32b,qwen2.5-32b,jailbreak__puzzler,jailbreak,puzzler,jailbreak__saa,jailbreak,saa,-0.018926583230495453
jbshield-qwen-phase2-qwen2.5-32b,qwen2.5-32b,jailbreak__puzzler,jailbreak,puzzler,jailbreak__zulu,jailbreak,zulu,0.223608136177063
jbshield-qwen-phase2-qwen2.5-32b,qwen2.5-32b,jailbreak__puzzler,jailbreak,puzzler,toxic,toxic,toxic,0.24826353788375854
jbshield-qwen-phase2-qwen2.5-32b,qwen2.5-32b,jailbreak__saa,jailbreak,saa,jailbreak__saa,jailbreak,saa,1.000000238418579
jbshield-qwen-phase2-qwen2.5-32b,qwen2.5-32b,jailbreak__saa,jailbreak,saa,jailbreak__zulu,jailbreak,zulu,-0.004975305404514074
jbshield-qwen-phase2-qwen2.5-32b,qwen2.5-32b,jailbreak__saa,jailbreak,saa,toxic,toxic,toxic,0.008517350070178509
jbshield-qwen-phase2-qwen2.5-32b,qwen2.5-32b,jailbreak__zulu,jailbreak,zulu,jailbreak__zulu,jailbreak,zulu,1.000000238418579
jbshield-qwen-phase2-qwen2.5-32b,qwen2.5-32b,jailbreak__zulu,jailbreak,zulu,toxic,toxic,toxic,0.6851606369018555
jbshield-qwen-phase2-qwen2.5-32b,qwen2.5-32b,toxic,toxic,toxic,toxic,toxic,toxic,1.0000003576278687
jbshield-qwen-phase2-qwen2.5-32b-instruct,qwen2.5-32b-instruct,jailbreak__autodan,jailbreak,autodan,jailbreak__autodan,jailbreak,autodan,0.9999999403953552
jbshield-qwen-phase2-qwen2.5-32b-instruct,qwen2.5-32b-instruct,jailbreak__autodan,jailbreak,autodan,jailbreak__base64,jailbreak,base64,0.4012022018432617
jbshield-qwen-phase2-qwen2.5-32b-instruct,qwen2.5-32b-instruct,jailbreak__autodan,jailbreak,autodan,jailbreak__drattack,jailbreak,drattack,0.7074211239814758
jbshield-qwen-phase2-qwen2.5-32b-instruct,qwen2.5-32b-instruct,jailbreak__autodan,jailbreak,autodan,jailbreak__gcg,jailbreak,gcg,0.43961626291275024
jbshield-qwen-phase2-qwen2.5-32b-instruct,qwen2.5-32b-instruct,jailbreak__autodan,jailbreak,autodan,jailbreak__ijp,jailbreak,ijp,0.625933051109314
jbshield-qwen-phase2-qwen2.5-32b-instruct,qwen2.5-32b-instruct,jailbreak__autodan,jailbreak,autodan,jailbreak__pair,jailbreak,pair,0.7398108839988708
jbshield-qwen-phase2-qwen2.5-32b-instruct,qwen2.5-32b-instruct,jailbreak__autodan,jailbreak,autodan,jailbreak__puzzler,jailbreak,puzzler,0.4946843981742859
jbshield-qwen-phase2-qwen2.5-32b-instruct,qwen2.5-32b-instruct,jailbreak__autodan,jailbreak,autodan,jailbreak__saa,jailbreak,saa,0.5106179714202881
jbshield-qwen-phase2-qwen2.5-32b-instruct,qwen2.5-32b-instruct,jailbreak__autodan,jailbreak,autodan,jailbreak__zulu,jailbreak,zulu,0.14761583507061005
jbshield-qwen-phase2-qwen2.5-32b-instruct,qwen2.5-32b-instruct,jailbreak__autodan,jailbreak,autodan,toxic,toxic,toxic,-0.6520187854766846
jbshield-qwen-phase2-qwen2.5-32b-instruct,qwen2.5-32b-instruct,jailbreak__base64,jailbreak,base64,jailbreak__base64,jailbreak,base64,1.0000001192092896
jbshield-qwen-phase2-qwen2.5-32b-instruct,qwen2.5-32b-instruct,jailbreak__base64,jailbreak,base64,jailbreak__drattack,jailbreak,drattack,0.5018100738525391
jbshield-qwen-phase2-qwen2.5-32b-instruct,qwen2.5-32b-instruct,jailbreak__base64,jailbreak,base64,jailbreak__gcg,jailbreak,gcg,0.5018939971923828
jbshield-qwen-phase2-qwen2.5-32b-instruct,qwen2.5-32b-instruct,jailbreak__base64,jailbreak,base64,jailbreak__ijp,jailbreak,ijp,0.5974414944648743
jbshield-qwen-phase2-qwen2.5-32b-instruct,qwen2.5-32b-instruct,jailbreak__base64,jailbreak,base64,jailbreak__pair,jailbreak,pair,0.4522445499897003
jbshield-qwen-phase2-qwen2.5-32b-instruct,qwen2.5-32b-instruct,jailbreak__base64,jailbreak,base64,jailbreak__puzzler,jailbreak,puzzler,0.478692889213562
jbshield-qwen-phase2-qwen2.5-32b-instruct,qwen2.5-32b-instruct,jailbreak__base64,jailbreak,base64,jailbreak__saa,jailbreak,saa,0.4859013855457306
jbshield-qwen-phase2-qwen2.5-32b-instruct,qwen2.5-32b-instruct,jailbreak__base64,jailbreak,base64,jailbreak__zulu,jailbreak,zulu,0.18195845186710358
jbshield-qwen-phase2-qwen2.5-32b-instruct,qwen2.5-32b-instruct,jailbreak__base64,jailbreak,base64,toxic,toxic,toxic,-0.6101315021514893
jbshield-qwen-phase2-qwen2.5-32b-instruct,qwen2.5-32b-instruct,jailbreak__drattack,jailbreak,drattack,jailbreak__drattack,jailbreak,drattack,1.000000238418579
jbshield-qwen-phase2-qwen2.5-32b-instruct,qwen2.5-32b-instruct,jailbreak__drattack,jailbreak,drattack,jailbreak__gcg,jailbreak,gcg,0.5007447004318237
jbshield-qwen-phase2-qwen2.5-32b-instruct,qwen2.5-32b-instruct,jailbreak__drattack,jailbreak,drattack,jailbreak__ijp,jailbreak,ijp,0.700607180595398
jbshield-qwen-phase2-qwen2.5-32b-instruct,qwen2.5-32b-instruct,jailbreak__drattack,jailbreak,drattack,jailbreak__pair,jailbreak,pair,0.7902134656906128
jbshield-qwen-phase2-qwen2.5-32b-instruct,qwen2.5-32b-instruct,jailbreak__drattack,jailbreak,drattack,jailbreak__puzzler,jailbreak,puzzler,0.568766176700592
jbshield-qwen-phase2-qwen2.5-32b-instruct,qwen2.5-32b-instruct,jailbreak__drattack,jailbreak,drattack,jailbreak__saa,jailbreak,saa,0.7032964825630188
jbshield-qwen-phase2-qwen2.5-32b-instruct,qwen2.5-32b-instruct,jailbreak__drattack,jailbreak,drattack,jailbreak__zulu,jailbreak,zulu,0.12276267260313034
jbshield-qwen-phase2-qwen2.5-32b-instruct,qwen2.5-32b-instruct,jailbreak__drattack,jailbreak,drattack,toxic,toxic,toxic,-0.7256519198417664
jbshield-qwen-phase2-qwen2.5-32b-instruct,qwen2.5-32b-instruct,jailbreak__gcg,jailbreak,gcg,jailbreak__gcg,jailbreak,gcg,1.000000238418579
jbshield-qwen-phase2-qwen2.5-32b-instruct,qwen2.5-32b-instruct,jailbreak__gcg,jailbreak,gcg,jailbreak__ijp,jailbreak,ijp,0.7500320672988892
jbshield-qwen-phase2-qwen2.5-32b-instruct,qwen2.5-32b-instruct,jailbreak__gcg,jailbreak,gcg,jailbreak__pair,jailbreak,pair,0.3428919017314911
jbshield-qwen-phase2-qwen2.5-32b-instruct,qwen2.5-32b-instruct,jailbreak__gcg,jailbreak,gcg,jailbreak__puzzler,jailbreak,puzzler,0.5055835247039795
jbshield-qwen-phase2-qwen2.5-32b-instruct,qwen2.5-32b-instruct,jailbreak__gcg,jailbreak,gcg,jailbreak__saa,jailbreak,saa,0.6294236183166504
jbshield-qwen-phase2-qwen2.5-32b-instruct,qwen2.5-32b-instruct,jailbreak__gcg,jailbreak,gcg,jailbreak__zulu,jailbreak,zulu,0.1702370047569275
jbshield-qwen-phase2-qwen2.5-32b-instruct,qwen2.5-32b-instruct,jailbreak__gcg,jailbreak,gcg,toxic,toxic,toxic,-0.5068767666816711
jbshield-qwen-phase2-qwen2.5-32b-instruct,qwen2.5-32b-instruct,jailbreak__ijp,jailbreak,ijp,jailbreak__ijp,jailbreak,ijp,1.0000001192092896
jbshield-qwen-phase2-qwen2.5-32b-instruct,qwen2.5-32b-instruct,jailbreak__ijp,jailbreak,ijp,jailbreak__pair,jailbreak,pair,0.6272434592247009
jbshield-qwen-phase2-qwen2.5-32b-instruct,qwen2.5-32b-instruct,jailbreak__ijp,jailbreak,ijp,jailbreak__puzzler,jailbreak,puzzler,0.623494029045105
jbshield-qwen-phase2-qwen2.5-32b-instruct,qwen2.5-32b-instruct,jailbreak__ijp,jailbreak,ijp,jailbreak__saa,jailbreak,saa,0.7087522745132446
jbshield-qwen-phase2-qwen2.5-32b-instruct,qwen2.5-32b-instruct,jailbreak__ijp,jailbreak,ijp,jailbreak__zulu,jailbreak,zulu,0.2425992339849472
jbshield-qwen-phase2-qwen2.5-32b-instruct,qwen2.5-32b-instruct,jailbreak__ijp,jailbreak,ijp,toxic,toxic,toxic,-0.7454475164413452
jbshield-qwen-phase2-qwen2.5-32b-instruct,qwen2.5-32b-instruct,jailbreak__pair,jailbreak,pair,jailbreak__pair,jailbreak,pair,1.000000238418579
jbshield-qwen-phase2-qwen2.5-32b-instruct,qwen2.5-32b-instruct,jailbreak__pair,jailbreak,pair,jailbreak__puzzler,jailbreak,puzzler,0.533968448638916
jbshield-qwen-phase2-qwen2.5-32b-instruct,qwen2.5-32b-instruct,jailbreak__pair,jailbreak,pair,jailbreak__saa,jailbreak,saa,0.5016009211540222
jbshield-qwen-phase2-qwen2.5-32b-instruct,qwen2.5-32b-instruct,jailbreak__pair,jailbreak,pair,jailbreak__zulu,jailbreak,zulu,0.11978113651275635
jbshield-qwen-phase2-qwen2.5-32b-instruct,qwen2.5-32b-instruct,jailbreak__pair,jailbreak,pair,toxic,toxic,toxic,-0.835020899772644
jbshield-qwen-phase2-qwen2.5-32b-instruct,qwen2.5-32b-instruct,jailbreak__puzzler,jailbreak,puzzler,jailbreak__puzzler,jailbreak,puzzler,1.0000003576278687
jbshield-qwen-phase2-qwen2.5-32b-instruct,qwen2.5-32b-instruct,jailbreak__puzzler,jailbreak,puzzler,jailbreak__saa,jailbreak,saa,0.5030615329742432
jbshield-qwen-phase2-qwen2.5-32b-instruct,qwen2.5-32b-instruct,jailbreak__puzzler,jailbreak,puzzler,jailbreak__zulu,jailbreak,zulu,0.17958930134773254
jbshield-qwen-phase2-qwen2.5-32b-instruct,qwen2.5-32b-instruct,jailbreak__puzzler,jailbreak,puzzler,toxic,toxic,toxic,-0.6481655836105347
jbshield-qwen-phase2-qwen2.5-32b-instruct,qwen2.5-32b-instruct,jailbreak__saa,jailbreak,saa,jailbreak__saa,jailbreak,saa,1.0000001192092896
jbshield-qwen-phase2-qwen2.5-32b-instruct,qwen2.5-32b-instruct,jailbreak__saa,jailbreak,saa,jailbreak__zulu,jailbreak,zulu,0.13032324612140656
jbshield-qwen-phase2-qwen2.5-32b-instruct,qwen2.5-32b-instruct,jailbreak__saa,jailbreak,saa,toxic,toxic,toxic,-0.5869619250297546
jbshield-qwen-phase2-qwen2.5-32b-instruct,qwen2.5-32b-instruct,jailbreak__zulu,jailbreak,zulu,jailbreak__zulu,jailbreak,zulu,1.000000238418579
jbshield-qwen-phase2-qwen2.5-32b-instruct,qwen2.5-32b-instruct,jailbreak__zulu,jailbreak,zulu,toxic,toxic,toxic,-0.22272080183029175
jbshield-qwen-phase2-qwen2.5-32b-instruct,qwen2.5-32b-instruct,toxic,toxic,toxic,toxic,toxic,toxic,1.0
jbshield-qwen-phase2-qwen2.5-7b,qwen2.5-7b,jailbreak__autodan,jailbreak,autodan,jailbreak__autodan,jailbreak,autodan,1.0
jbshield-qwen-phase2-qwen2.5-7b,qwen2.5-7b,jailbreak__autodan,jailbreak,autodan,jailbreak__base64,jailbreak,base64,0.4882960319519043
jbshield-qwen-phase2-qwen2.5-7b,qwen2.5-7b,jailbreak__autodan,jailbreak,autodan,jailbreak__drattack,jailbreak,drattack,0.08008413016796112
jbshield-qwen-phase2-qwen2.5-7b,qwen2.5-7b,jailbreak__autodan,jailbreak,autodan,jailbreak__gcg,jailbreak,gcg,-0.7254815697669983
jbshield-qwen-phase2-qwen2.5-7b,qwen2.5-7b,jailbreak__autodan,jailbreak,autodan,jailbreak__ijp,jailbreak,ijp,-0.5980764031410217
jbshield-qwen-phase2-qwen2.5-7b,qwen2.5-7b,jailbreak__autodan,jailbreak,autodan,jailbreak__pair,jailbreak,pair,-0.2740619480609894
jbshield-qwen-phase2-qwen2.5-7b,qwen2.5-7b,jailbreak__autodan,jailbreak,autodan,jailbreak__puzzler,jailbreak,puzzler,0.21031151711940765
jbshield-qwen-phase2-qwen2.5-7b,qwen2.5-7b,jailbreak__autodan,jailbreak,autodan,jailbreak__saa,jailbreak,saa,0.23390333354473114
jbshield-qwen-phase2-qwen2.5-7b,qwen2.5-7b,jailbreak__autodan,jailbreak,autodan,jailbreak__zulu,jailbreak,zulu,0.7664124965667725
jbshield-qwen-phase2-qwen2.5-7b,qwen2.5-7b,jailbreak__autodan,jailbreak,autodan,toxic,toxic,toxic,0.5700718760490417
jbshield-qwen-phase2-qwen2.5-7b,qwen2.5-7b,jailbreak__base64,jailbreak,base64,jailbreak__base64,jailbreak,base64,1.000000238418579
jbshield-qwen-phase2-qwen2.5-7b,qwen2.5-7b,jailbreak__base64,jailbreak,base64,jailbreak__drattack,jailbreak,drattack,0.167821004986763
jbshield-qwen-phase2-qwen2.5-7b,qwen2.5-7b,jailbreak__base64,jailbreak,base64,jailbreak__gcg,jailbreak,gcg,-0.5060917139053345
jbshield-qwen-phase2-qwen2.5-7b,qwen2.5-7b,jailbreak__base64,jailbreak,base64,jailbreak__ijp,jailbreak,ijp,-0.3679451048374176
jbshield-qwen-phase2-qwen2.5-7b,qwen2.5-7b,jailbreak__base64,jailbreak,base64,jailbreak__pair,jailbreak,pair,-0.12195423245429993
jbshield-qwen-phase2-qwen2.5-7b,qwen2.5-7b,jailbreak__base64,jailbreak,base64,jailbreak__puzzler,jailbreak,puzzler,0.25082477927207947
jbshield-qwen-phase2-qwen2.5-7b,qwen2.5-7b,jailbreak__base64,jailbreak,base64,jailbreak__saa,jailbreak,saa,0.21553440392017365
jbshield-qwen-phase2-qwen2.5-7b,qwen2.5-7b,jailbreak__base64,jailbreak,base64,jailbreak__zulu,jailbreak,zulu,0.5461015105247498
jbshield-qwen-phase2-qwen2.5-7b,qwen2.5-7b,jailbreak__base64,jailbreak,base64,toxic,toxic,toxic,0.4102545380592346
jbshield-qwen-phase2-qwen2.5-7b,qwen2.5-7b,jailbreak__drattack,jailbreak,drattack,jailbreak__drattack,jailbreak,drattack,0.9999998807907104
jbshield-qwen-phase2-qwen2.5-7b,qwen2.5-7b,jailbreak__drattack,jailbreak,drattack,jailbreak__gcg,jailbreak,gcg,-0.0638677254319191
jbshield-qwen-phase2-qwen2.5-7b,qwen2.5-7b,jailbreak__drattack,jailbreak,drattack,jailbreak__ijp,jailbreak,ijp,0.05170353502035141
jbshield-qwen-phase2-qwen2.5-7b,qwen2.5-7b,jailbreak__drattack,jailbreak,drattack,jailbreak__pair,jailbreak,pair,0.170577272772789
jbshield-qwen-phase2-qwen2.5-7b,qwen2.5-7b,jailbreak__drattack,jailbreak,drattack,jailbreak__puzzler,jailbreak,puzzler,0.034576766192913055
jbshield-qwen-phase2-qwen2.5-7b,qwen2.5-7b,jailbreak__drattack,jailbreak,drattack,jailbreak__saa,jailbreak,saa,0.004043074790388346
jbshield-qwen-phase2-qwen2.5-7b,qwen2.5-7b,jailbreak__drattack,jailbreak,drattack,jailbreak__zulu,jailbreak,zulu,0.04954053834080696
jbshield-qwen-phase2-qwen2.5-7b,qwen2.5-7b,jailbreak__drattack,jailbreak,drattack,toxic,toxic,toxic,0.021556194871664047
jbshield-qwen-phase2-qwen2.5-7b,qwen2.5-7b,jailbreak__gcg,jailbreak,gcg,jailbreak__gcg,jailbreak,gcg,1.0000004768371582
jbshield-qwen-phase2-qwen2.5-7b,qwen2.5-7b,jailbreak__gcg,jailbreak,gcg,jailbreak__ijp,jailbreak,ijp,0.7305980920791626
jbshield-qwen-phase2-qwen2.5-7b,qwen2.5-7b,jailbreak__gcg,jailbreak,gcg,jailbreak__pair,jailbreak,pair,0.40383780002593994
jbshield-qwen-phase2-qwen2.5-7b,qwen2.5-7b,jailbreak__gcg,jailbreak,gcg,jailbreak__puzzler,jailbreak,puzzler,-0.24752771854400635
jbshield-qwen-phase2-qwen2.5-7b,qwen2.5-7b,jailbreak__gcg,jailbreak,gcg,jailbreak__saa,jailbreak,saa,-0.3071707487106323
jbshield-qwen-phase2-qwen2.5-7b,qwen2.5-7b,jailbreak__gcg,jailbreak,gcg,jailbreak__zulu,jailbreak,zulu,-0.8682637810707092
jbshield-qwen-phase2-qwen2.5-7b,qwen2.5-7b,jailbreak__gcg,jailbreak,gcg,toxic,toxic,toxic,-0.6302799582481384
jbshield-qwen-phase2-qwen2.5-7b,qwen2.5-7b,jailbreak__ijp,jailbreak,ijp,jailbreak__ijp,jailbreak,ijp,1.0
jbshield-qwen-phase2-qwen2.5-7b,qwen2.5-7b,jailbreak__ijp,jailbreak,ijp,jailbreak__pair,jailbreak,pair,0.533095121383667
jbshield-qwen-phase2-qwen2.5-7b,qwen2.5-7b,jailbreak__ijp,jailbreak,ijp,jailbreak__puzzler,jailbreak,puzzler,-0.18170110881328583
jbshield-qwen-phase2-qwen2.5-7b,qwen2.5-7b,jailbreak__ijp,jailbreak,ijp,jailbreak__saa,jailbreak,saa,-0.22884395718574524
jbshield-qwen-phase2-qwen2.5-7b,qwen2.5-7b,jailbreak__ijp,jailbreak,ijp,jailbreak__zulu,jailbreak,zulu,-0.8058882355690002
jbshield-qwen-phase2-qwen2.5-7b,qwen2.5-7b,jailbreak__ijp,jailbreak,ijp,toxic,toxic,toxic,-0.48170945048332214
jbshield-qwen-phase2-qwen2.5-7b,qwen2.5-7b,jailbreak__pair,jailbreak,pair,jailbreak__pair,jailbreak,pair,1.0000001192092896
jbshield-qwen-phase2-qwen2.5-7b,qwen2.5-7b,jailbreak__pair,jailbreak,pair,jailbreak__puzzler,jailbreak,puzzler,-0.07725881040096283
jbshield-qwen-phase2-qwen2.5-7b,qwen2.5-7b,jailbreak__pair,jailbreak,pair,jailbreak__saa,jailbreak,saa,-0.11713582277297974
jbshield-qwen-phase2-qwen2.5-7b,qwen2.5-7b,jailbreak__pair,jailbreak,pair,jailbreak__zulu,jailbreak,zulu,-0.47959378361701965
jbshield-qwen-phase2-qwen2.5-7b,qwen2.5-7b,jailbreak__pair,jailbreak,pair,toxic,toxic,toxic,-0.27072542905807495
jbshield-qwen-phase2-qwen2.5-7b,qwen2.5-7b,jailbreak__puzzler,jailbreak,puzzler,jailbreak__puzzler,jailbreak,puzzler,0.9999998807907104
jbshield-qwen-phase2-qwen2.5-7b,qwen2.5-7b,jailbreak__puzzler,jailbreak,puzzler,jailbreak__saa,jailbreak,saa,0.12893074750900269
jbshield-qwen-phase2-qwen2.5-7b,qwen2.5-7b,jailbreak__puzzler,jailbreak,puzzler,jailbreak__zulu,jailbreak,zulu,0.25022605061531067
jbshield-qwen-phase2-qwen2.5-7b,qwen2.5-7b,jailbreak__puzzler,jailbreak,puzzler,toxic,toxic,toxic,0.16184498369693756
jbshield-qwen-phase2-qwen2.5-7b,qwen2.5-7b,jailbreak__saa,jailbreak,saa,jailbreak__saa,jailbreak,saa,1.000000238418579
jbshield-qwen-phase2-qwen2.5-7b,qwen2.5-7b,jailbreak__saa,jailbreak,saa,jailbreak__zulu,jailbreak,zulu,0.28868430852890015
jbshield-qwen-phase2-qwen2.5-7b,qwen2.5-7b,jailbreak__saa,jailbreak,saa,toxic,toxic,toxic,0.20204214751720428
jbshield-qwen-phase2-qwen2.5-7b,qwen2.5-7b,jailbreak__zulu,jailbreak,zulu,jailbreak__zulu,jailbreak,zulu,1.000000238418579
jbshield-qwen-phase2-qwen2.5-7b,qwen2.5-7b,jailbreak__zulu,jailbreak,zulu,toxic,toxic,toxic,0.6346942186355591
jbshield-qwen-phase2-qwen2.5-7b,qwen2.5-7b,toxic,toxic,toxic,toxic,toxic,toxic,1.0
jbshield-qwen-phase2-qwen2.5-7b-instruct,qwen2.5-7b-instruct,jailbreak__autodan,jailbreak,autodan,jailbreak__autodan,jailbreak,autodan,1.000000238418579
jbshield-qwen-phase2-qwen2.5-7b-instruct,qwen2.5-7b-instruct,jailbreak__autodan,jailbreak,autodan,jailbreak__base64,jailbreak,base64,0.39269527792930603
jbshield-qwen-phase2-qwen2.5-7b-instruct,qwen2.5-7b-instruct,jailbreak__autodan,jailbreak,autodan,jailbreak__drattack,jailbreak,drattack,0.5869593620300293
jbshield-qwen-phase2-qwen2.5-7b-instruct,qwen2.5-7b-instruct,jailbreak__autodan,jailbreak,autodan,jailbreak__gcg,jailbreak,gcg,0.6999458074569702
jbshield-qwen-phase2-qwen2.5-7b-instruct,qwen2.5-7b-instruct,jailbreak__autodan,jailbreak,autodan,jailbreak__ijp,jailbreak,ijp,0.761661171913147
jbshield-qwen-phase2-qwen2.5-7b-instruct,qwen2.5-7b-instruct,jailbreak__autodan,jailbreak,autodan,jailbreak__pair,jailbreak,pair,0.6724308133125305
jbshield-qwen-phase2-qwen2.5-7b-instruct,qwen2.5-7b-instruct,jailbreak__autodan,jailbreak,autodan,jailbreak__puzzler,jailbreak,puzzler,0.5720873475074768
jbshield-qwen-phase2-qwen2.5-7b-instruct,qwen2.5-7b-instruct,jailbreak__autodan,jailbreak,autodan,jailbreak__saa,jailbreak,saa,0.5425501465797424
jbshield-qwen-phase2-qwen2.5-7b-instruct,qwen2.5-7b-instruct,jailbreak__autodan,jailbreak,autodan,jailbreak__zulu,jailbreak,zulu,0.3459244668483734
jbshield-qwen-phase2-qwen2.5-7b-instruct,qwen2.5-7b-instruct,jailbreak__autodan,jailbreak,autodan,toxic,toxic,toxic,-0.6050721406936646
jbshield-qwen-phase2-qwen2.5-7b-instruct,qwen2.5-7b-instruct,jailbreak__base64,jailbreak,base64,jailbreak__base64,jailbreak,base64,1.0000001192092896
jbshield-qwen-phase2-qwen2.5-7b-instruct,qwen2.5-7b-instruct,jailbreak__base64,jailbreak,base64,jailbreak__drattack,jailbreak,drattack,0.43325331807136536
jbshield-qwen-phase2-qwen2.5-7b-instruct,qwen2.5-7b-instruct,jailbreak__base64,jailbreak,base64,jailbreak__gcg,jailbreak,gcg,0.4535132646560669
jbshield-qwen-phase2-qwen2.5-7b-instruct,qwen2.5-7b-instruct,jailbreak__base64,jailbreak,base64,jailbreak__ijp,jailbreak,ijp,0.533513069152832
jbshield-qwen-phase2-qwen2.5-7b-instruct,qwen2.5-7b-instruct,jailbreak__base64,jailbreak,base64,jailbreak__pair,jailbreak,pair,0.4660058617591858
jbshield-qwen-phase2-qwen2.5-7b-instruct,qwen2.5-7b-instruct,jailbreak__base64,jailbreak,base64,jailbreak__puzzler,jailbreak,puzzler,0.4486265182495117
jbshield-qwen-phase2-qwen2.5-7b-instruct,qwen2.5-7b-instruct,jailbreak__base64,jailbreak,base64,jailbreak__saa,jailbreak,saa,0.4192430078983307
jbshield-qwen-phase2-qwen2.5-7b-instruct,qwen2.5-7b-instruct,jailbreak__base64,jailbreak,base64,jailbreak__zulu,jailbreak,zulu,0.33207157254219055
jbshield-qwen-phase2-qwen2.5-7b-instruct,qwen2.5-7b-instruct,jailbreak__base64,jailbreak,base64,toxic,toxic,toxic,-0.5357279777526855
jbshield-qwen-phase2-qwen2.5-7b-instruct,qwen2.5-7b-instruct,jailbreak__drattack,jailbreak,drattack,jailbreak__drattack,jailbreak,drattack,1.0
jbshield-qwen-phase2-qwen2.5-7b-instruct,qwen2.5-7b-instruct,jailbreak__drattack,jailbreak,drattack,jailbreak__gcg,jailbreak,gcg,0.589864194393158
jbshield-qwen-phase2-qwen2.5-7b-instruct,qwen2.5-7b-instruct,jailbreak__drattack,jailbreak,drattack,jailbreak__ijp,jailbreak,ijp,0.7206435203552246
jbshield-qwen-phase2-qwen2.5-7b-instruct,qwen2.5-7b-instruct,jailbreak__drattack,jailbreak,drattack,jailbreak__pair,jailbreak,pair,0.6617283225059509
jbshield-qwen-phase2-qwen2.5-7b-instruct,qwen2.5-7b-instruct,jailbreak__drattack,jailbreak,drattack,jailbreak__puzzler,jailbreak,puzzler,0.5907278060913086
jbshield-qwen-phase2-qwen2.5-7b-instruct,qwen2.5-7b-instruct,jailbreak__drattack,jailbreak,drattack,jailbreak__saa,jailbreak,saa,0.7520363330841064
jbshield-qwen-phase2-qwen2.5-7b-instruct,qwen2.5-7b-instruct,jailbreak__drattack,jailbreak,drattack,jailbreak__zulu,jailbreak,zulu,0.31918999552726746
jbshield-qwen-phase2-qwen2.5-7b-instruct,qwen2.5-7b-instruct,jailbreak__drattack,jailbreak,drattack,toxic,toxic,toxic,-0.6544950008392334
jbshield-qwen-phase2-qwen2.5-7b-instruct,qwen2.5-7b-instruct,jailbreak__gcg,jailbreak,gcg,jailbreak__gcg,jailbreak,gcg,1.000000238418579
jbshield-qwen-phase2-qwen2.5-7b-instruct,qwen2.5-7b-instruct,jailbreak__gcg,jailbreak,gcg,jailbreak__ijp,jailbreak,ijp,0.772855281829834
jbshield-qwen-phase2-qwen2.5-7b-instruct,qwen2.5-7b-instruct,jailbreak__gcg,jailbreak,gcg,jailbreak__pair,jailbreak,pair,0.5638975501060486
jbshield-qwen-phase2-qwen2.5-7b-instruct,qwen2.5-7b-instruct,jailbreak__gcg,jailbreak,gcg,jailbreak__puzzler,jailbreak,puzzler,0.5344578623771667
jbshield-qwen-phase2-qwen2.5-7b-instruct,qwen2.5-7b-instruct,jailbreak__gcg,jailbreak,gcg,jailbreak__saa,jailbreak,saa,0.5524733066558838
jbshield-qwen-phase2-qwen2.5-7b-instruct,qwen2.5-7b-instruct,jailbreak__gcg,jailbreak,gcg,jailbreak__zulu,jailbreak,zulu,0.4179370701313019
jbshield-qwen-phase2-qwen2.5-7b-instruct,qwen2.5-7b-instruct,jailbreak__gcg,jailbreak,gcg,toxic,toxic,toxic,-0.5725218653678894
jbshield-qwen-phase2-qwen2.5-7b-instruct,qwen2.5-7b-instruct,jailbreak__ijp,jailbreak,ijp,jailbreak__ijp,jailbreak,ijp,0.9999998807907104
jbshield-qwen-phase2-qwen2.5-7b-instruct,qwen2.5-7b-instruct,jailbreak__ijp,jailbreak,ijp,jailbreak__pair,jailbreak,pair,0.7638819813728333
jbshield-qwen-phase2-qwen2.5-7b-instruct,qwen2.5-7b-instruct,jailbreak__ijp,jailbreak,ijp,jailbreak__puzzler,jailbreak,puzzler,0.7239720821380615
jbshield-qwen-phase2-qwen2.5-7b-instruct,qwen2.5-7b-instruct,jailbreak__ijp,jailbreak,ijp,jailbreak__saa,jailbreak,saa,0.6803987622261047
jbshield-qwen-phase2-qwen2.5-7b-instruct,qwen2.5-7b-instruct,jailbreak__ijp,jailbreak,ijp,jailbreak__zulu,jailbreak,zulu,0.42491790652275085
jbshield-qwen-phase2-qwen2.5-7b-instruct,qwen2.5-7b-instruct,jailbreak__ijp,jailbreak,ijp,toxic,toxic,toxic,-0.7832047939300537
jbshield-qwen-phase2-qwen2.5-7b-instruct,qwen2.5-7b-instruct,jailbreak__pair,jailbreak,pair,jailbreak__pair,jailbreak,pair,1.0
jbshield-qwen-phase2-qwen2.5-7b-instruct,qwen2.5-7b-instruct,jailbreak__pair,jailbreak,pair,jailbreak__puzzler,jailbreak,puzzler,0.6613563895225525
jbshield-qwen-phase2-qwen2.5-7b-instruct,qwen2.5-7b-instruct,jailbreak__pair,jailbreak,pair,jailbreak__saa,jailbreak,saa,0.5693507790565491
jbshield-qwen-phase2-qwen2.5-7b-instruct,qwen2.5-7b-instruct,jailbreak__pair,jailbreak,pair,jailbreak__zulu,jailbreak,zulu,0.396240770816803
jbshield-qwen-phase2-qwen2.5-7b-instruct,qwen2.5-7b-instruct,jailbreak__pair,jailbreak,pair,toxic,toxic,toxic,-0.863942563533783
jbshield-qwen-phase2-qwen2.5-7b-instruct,qwen2.5-7b-instruct,jailbreak__puzzler,jailbreak,puzzler,jailbreak__puzzler,jailbreak,puzzler,0.9999997019767761
jbshield-qwen-phase2-qwen2.5-7b-instruct,qwen2.5-7b-instruct,jailbreak__puzzler,jailbreak,puzzler,jailbreak__saa,jailbreak,saa,0.5911951065063477
jbshield-qwen-phase2-qwen2.5-7b-instruct,qwen2.5-7b-instruct,jailbreak__puzzler,jailbreak,puzzler,jailbreak__zulu,jailbreak,zulu,0.30820292234420776
jbshield-qwen-phase2-qwen2.5-7b-instruct,qwen2.5-7b-instruct,jailbreak__puzzler,jailbreak,puzzler,toxic,toxic,toxic,-0.6984975337982178
jbshield-qwen-phase2-qwen2.5-7b-instruct,qwen2.5-7b-instruct,jailbreak__saa,jailbreak,saa,jailbreak__saa,jailbreak,saa,1.0
jbshield-qwen-phase2-qwen2.5-7b-instruct,qwen2.5-7b-instruct,jailbreak__saa,jailbreak,saa,jailbreak__zulu,jailbreak,zulu,0.2662341594696045
jbshield-qwen-phase2-qwen2.5-7b-instruct,qwen2.5-7b-instruct,jailbreak__saa,jailbreak,saa,toxic,toxic,toxic,-0.5722411870956421
jbshield-qwen-phase2-qwen2.5-7b-instruct,qwen2.5-7b-instruct,jailbreak__zulu,jailbreak,zulu,jailbreak__zulu,jailbreak,zulu,0.9999999403953552
jbshield-qwen-phase2-qwen2.5-7b-instruct,qwen2.5-7b-instruct,jailbreak__zulu,jailbreak,zulu,toxic,toxic,toxic,-0.4285386800765991
jbshield-qwen-phase2-qwen2.5-7b-instruct,qwen2.5-7b-instruct,toxic,toxic,toxic,toxic,toxic,toxic,1.0000001192092896
jbshield-qwen-phase2-qwen3-14b,qwen3-14b,jailbreak__autodan,jailbreak,autodan,jailbreak__autodan,jailbreak,autodan,1.000000238418579
jbshield-qwen-phase2-qwen3-14b,qwen3-14b,jailbreak__autodan,jailbreak,autodan,jailbreak__base64,jailbreak,base64,0.5322993993759155
jbshield-qwen-phase2-qwen3-14b,qwen3-14b,jailbreak__autodan,jailbreak,autodan,jailbreak__drattack,jailbreak,drattack,0.5586039423942566
jbshield-qwen-phase2-qwen3-14b,qwen3-14b,jailbreak__autodan,jailbreak,autodan,jailbreak__gcg,jailbreak,gcg,0.6722241640090942
jbshield-qwen-phase2-qwen3-14b,qwen3-14b,jailbreak__autodan,jailbreak,autodan,jailbreak__ijp,jailbreak,ijp,0.5968656539916992
jbshield-qwen-phase2-qwen3-14b,qwen3-14b,jailbreak__autodan,jailbreak,autodan,jailbreak__pair,jailbreak,pair,0.6824836730957031
jbshield-qwen-phase2-qwen3-14b,qwen3-14b,jailbreak__autodan,jailbreak,autodan,jailbreak__puzzler,jailbreak,puzzler,0.6174094080924988
jbshield-qwen-phase2-qwen3-14b,qwen3-14b,jailbreak__autodan,jailbreak,autodan,jailbreak__saa,jailbreak,saa,0.47369101643562317
jbshield-qwen-phase2-qwen3-14b,qwen3-14b,jailbreak__autodan,jailbreak,autodan,jailbreak__zulu,jailbreak,zulu,0.459970086812973
jbshield-qwen-phase2-qwen3-14b,qwen3-14b,jailbreak__autodan,jailbreak,autodan,toxic,toxic,toxic,-0.5327566266059875
jbshield-qwen-phase2-qwen3-14b,qwen3-14b,jailbreak__base64,jailbreak,base64,jailbreak__base64,jailbreak,base64,1.0000003576278687
jbshield-qwen-phase2-qwen3-14b,qwen3-14b,jailbreak__base64,jailbreak,base64,jailbreak__drattack,jailbreak,drattack,0.5948778390884399
jbshield-qwen-phase2-qwen3-14b,qwen3-14b,jailbreak__base64,jailbreak,base64,jailbreak__gcg,jailbreak,gcg,0.44795459508895874
jbshield-qwen-phase2-qwen3-14b,qwen3-14b,jailbreak__base64,jailbreak,base64,jailbreak__ijp,jailbreak,ijp,0.5702794790267944
jbshield-qwen-phase2-qwen3-14b,qwen3-14b,jailbreak__base64,jailbreak,base64,jailbreak__pair,jailbreak,pair,0.6201752424240112
jbshield-qwen-phase2-qwen3-14b,qwen3-14b,jailbreak__base64,jailbreak,base64,jailbreak__puzzler,jailbreak,puzzler,0.5693120956420898
jbshield-qwen-phase2-qwen3-14b,qwen3-14b,jailbreak__base64,jailbreak,base64,jailbreak__saa,jailbreak,saa,0.5870529413223267
jbshield-qwen-phase2-qwen3-14b,qwen3-14b,jailbreak__base64,jailbreak,base64,jailbreak__zulu,jailbreak,zulu,0.5195730328559875
jbshield-qwen-phase2-qwen3-14b,qwen3-14b,jailbreak__base64,jailbreak,base64,toxic,toxic,toxic,-0.6651986837387085
jbshield-qwen-phase2-qwen3-14b,qwen3-14b,jailbreak__drattack,jailbreak,drattack,jailbreak__drattack,jailbreak,drattack,1.0000001192092896
jbshield-qwen-phase2-qwen3-14b,qwen3-14b,jailbreak__drattack,jailbreak,drattack,jailbreak__gcg,jailbreak,gcg,0.44089534878730774
jbshield-qwen-phase2-qwen3-14b,qwen3-14b,jailbreak__drattack,jailbreak,drattack,jailbreak__ijp,jailbreak,ijp,0.7440082430839539
jbshield-qwen-phase2-qwen3-14b,qwen3-14b,jailbreak__drattack,jailbreak,drattack,jailbreak__pair,jailbreak,pair,0.6508773565292358
jbshield-qwen-phase2-qwen3-14b,qwen3-14b,jailbreak__drattack,jailbreak,drattack,jailbreak__puzzler,jailbreak,puzzler,0.6890160441398621
jbshield-qwen-phase2-qwen3-14b,qwen3-14b,jailbreak__drattack,jailbreak,drattack,jailbreak__saa,jailbreak,saa,0.6969212889671326
jbshield-qwen-phase2-qwen3-14b,qwen3-14b,jailbreak__drattack,jailbreak,drattack,jailbreak__zulu,jailbreak,zulu,0.29431480169296265
jbshield-qwen-phase2-qwen3-14b,qwen3-14b,jailbreak__drattack,jailbreak,drattack,toxic,toxic,toxic,-0.596747875213623
jbshield-qwen-phase2-qwen3-14b,qwen3-14b,jailbreak__gcg,jailbreak,gcg,jailbreak__gcg,jailbreak,gcg,1.000000238418579
jbshield-qwen-phase2-qwen3-14b,qwen3-14b,jailbreak__gcg,jailbreak,gcg,jailbreak__ijp,jailbreak,ijp,0.40332090854644775
jbshield-qwen-phase2-qwen3-14b,qwen3-14b,jailbreak__gcg,jailbreak,gcg,jailbreak__pair,jailbreak,pair,0.42244595289230347
jbshield-qwen-phase2-qwen3-14b,qwen3-14b,jailbreak__gcg,jailbreak,gcg,jailbreak__puzzler,jailbreak,puzzler,0.41837048530578613
jbshield-qwen-phase2-qwen3-14b,qwen3-14b,jailbreak__gcg,jailbreak,gcg,jailbreak__saa,jailbreak,saa,0.4763982594013214
jbshield-qwen-phase2-qwen3-14b,qwen3-14b,jailbreak__gcg,jailbreak,gcg,jailbreak__zulu,jailbreak,zulu,0.49512046575546265
jbshield-qwen-phase2-qwen3-14b,qwen3-14b,jailbreak__gcg,jailbreak,gcg,toxic,toxic,toxic,-0.32584550976753235
jbshield-qwen-phase2-qwen3-14b,qwen3-14b,jailbreak__ijp,jailbreak,ijp,jailbreak__ijp,jailbreak,ijp,1.000000238418579
jbshield-qwen-phase2-qwen3-14b,qwen3-14b,jailbreak__ijp,jailbreak,ijp,jailbreak__pair,jailbreak,pair,0.7236266136169434
jbshield-qwen-phase2-qwen3-14b,qwen3-14b,jailbreak__ijp,jailbreak,ijp,jailbreak__puzzler,jailbreak,puzzler,0.7349141240119934
jbshield-qwen-phase2-qwen3-14b,qwen3-14b,jailbreak__ijp,jailbreak,ijp,jailbreak__saa,jailbreak,saa,0.6315507292747498
jbshield-qwen-phase2-qwen3-14b,qwen3-14b,jailbreak__ijp,jailbreak,ijp,jailbreak__zulu,jailbreak,zulu,0.2523307502269745
jbshield-qwen-phase2-qwen3-14b,qwen3-14b,jailbreak__ijp,jailbreak,ijp,toxic,toxic,toxic,-0.5807240009307861
jbshield-qwen-phase2-qwen3-14b,qwen3-14b,jailbreak__pair,jailbreak,pair,jailbreak__pair,jailbreak,pair,1.0
jbshield-qwen-phase2-qwen3-14b,qwen3-14b,jailbreak__pair,jailbreak,pair,jailbreak__puzzler,jailbreak,puzzler,0.6629442572593689
jbshield-qwen-phase2-qwen3-14b,qwen3-14b,jailbreak__pair,jailbreak,pair,jailbreak__saa,jailbreak,saa,0.5672377347946167
jbshield-qwen-phase2-qwen3-14b,qwen3-14b,jailbreak__pair,jailbreak,pair,jailbreak__zulu,jailbreak,zulu,0.45949074625968933
jbshield-qwen-phase2-qwen3-14b,qwen3-14b,jailbreak__pair,jailbreak,pair,toxic,toxic,toxic,-0.7983322143554688
jbshield-qwen-phase2-qwen3-14b,qwen3-14b,jailbreak__puzzler,jailbreak,puzzler,jailbreak__puzzler,jailbreak,puzzler,1.0000001192092896
jbshield-qwen-phase2-qwen3-14b,qwen3-14b,jailbreak__puzzler,jailbreak,puzzler,jailbreak__saa,jailbreak,saa,0.5841973423957825
jbshield-qwen-phase2-qwen3-14b,qwen3-14b,jailbreak__puzzler,jailbreak,puzzler,jailbreak__zulu,jailbreak,zulu,0.36466121673583984
jbshield-qwen-phase2-qwen3-14b,qwen3-14b,jailbreak__puzzler,jailbreak,puzzler,toxic,toxic,toxic,-0.5583764910697937
jbshield-qwen-phase2-qwen3-14b,qwen3-14b,jailbreak__saa,jailbreak,saa,jailbreak__saa,jailbreak,saa,1.0000001192092896
jbshield-qwen-phase2-qwen3-14b,qwen3-14b,jailbreak__saa,jailbreak,saa,jailbreak__zulu,jailbreak,zulu,0.35085561871528625
jbshield-qwen-phase2-qwen3-14b,qwen3-14b,jailbreak__saa,jailbreak,saa,toxic,toxic,toxic,-0.5079551339149475
jbshield-qwen-phase2-qwen3-14b,qwen3-14b,jailbreak__zulu,jailbreak,zulu,jailbreak__zulu,jailbreak,zulu,1.0000001192092896
jbshield-qwen-phase2-qwen3-14b,qwen3-14b,jailbreak__zulu,jailbreak,zulu,toxic,toxic,toxic,-0.48512381315231323
jbshield-qwen-phase2-qwen3-14b,qwen3-14b,toxic,toxic,toxic,toxic,toxic,toxic,1.000000238418579
jbshield-qwen-phase2-qwen3-32b,qwen3-32b,jailbreak__autodan,jailbreak,autodan,jailbreak__autodan,jailbreak,autodan,1.000000238418579
jbshield-qwen-phase2-qwen3-32b,qwen3-32b,jailbreak__autodan,jailbreak,autodan,jailbreak__base64,jailbreak,base64,0.13279598951339722
jbshield-qwen-phase2-qwen3-32b,qwen3-32b,jailbreak__autodan,jailbreak,autodan,jailbreak__drattack,jailbreak,drattack,0.10463620722293854
jbshield-qwen-phase2-qwen3-32b,qwen3-32b,jailbreak__autodan,jailbreak,autodan,jailbreak__gcg,jailbreak,gcg,0.7239455580711365
jbshield-qwen-phase2-qwen3-32b,qwen3-32b,jailbreak__autodan,jailbreak,autodan,jailbreak__ijp,jailbreak,ijp,0.05399327725172043
jbshield-qwen-phase2-qwen3-32b,qwen3-32b,jailbreak__autodan,jailbreak,autodan,jailbreak__pair,jailbreak,pair,0.24711500108242035
jbshield-qwen-phase2-qwen3-32b,qwen3-32b,jailbreak__autodan,jailbreak,autodan,jailbreak__puzzler,jailbreak,puzzler,0.16738267242908478
jbshield-qwen-phase2-qwen3-32b,qwen3-32b,jailbreak__autodan,jailbreak,autodan,jailbreak__saa,jailbreak,saa,0.08769728988409042
jbshield-qwen-phase2-qwen3-32b,qwen3-32b,jailbreak__autodan,jailbreak,autodan,jailbreak__zulu,jailbreak,zulu,-0.016907867044210434
jbshield-qwen-phase2-qwen3-32b,qwen3-32b,jailbreak__autodan,jailbreak,autodan,toxic,toxic,toxic,-0.23081351816654205
jbshield-qwen-phase2-qwen3-32b,qwen3-32b,jailbreak__base64,jailbreak,base64,jailbreak__base64,jailbreak,base64,1.0000001192092896
jbshield-qwen-phase2-qwen3-32b,qwen3-32b,jailbreak__base64,jailbreak,base64,jailbreak__drattack,jailbreak,drattack,0.11673719435930252
jbshield-qwen-phase2-qwen3-32b,qwen3-32b,jailbreak__base64,jailbreak,base64,jailbreak__gcg,jailbreak,gcg,0.17225204408168793
jbshield-qwen-phase2-qwen3-32b,qwen3-32b,jailbreak__base64,jailbreak,base64,jailbreak__ijp,jailbreak,ijp,0.09381446987390518
jbshield-qwen-phase2-qwen3-32b,qwen3-32b,jailbreak__base64,jailbreak,base64,jailbreak__pair,jailbreak,pair,0.541735053062439
jbshield-qwen-phase2-qwen3-32b,qwen3-32b,jailbreak__base64,jailbreak,base64,jailbreak__puzzler,jailbreak,puzzler,0.5070157647132874
jbshield-qwen-phase2-qwen3-32b,qwen3-32b,jailbreak__base64,jailbreak,base64,jailbreak__saa,jailbreak,saa,0.07821837067604065
jbshield-qwen-phase2-qwen3-32b,qwen3-32b,jailbreak__base64,jailbreak,base64,jailbreak__zulu,jailbreak,zulu,0.07106563448905945
jbshield-qwen-phase2-qwen3-32b,qwen3-32b,jailbreak__base64,jailbreak,base64,toxic,toxic,toxic,-0.6418951153755188
jbshield-qwen-phase2-qwen3-32b,qwen3-32b,jailbreak__drattack,jailbreak,drattack,jailbreak__drattack,jailbreak,drattack,1.0
jbshield-qwen-phase2-qwen3-32b,qwen3-32b,jailbreak__drattack,jailbreak,drattack,jailbreak__gcg,jailbreak,gcg,0.05493756756186485
jbshield-qwen-phase2-qwen3-32b,qwen3-32b,jailbreak__drattack,jailbreak,drattack,jailbreak__ijp,jailbreak,ijp,0.6549654006958008
jbshield-qwen-phase2-qwen3-32b,qwen3-32b,jailbreak__drattack,jailbreak,drattack,jailbreak__pair,jailbreak,pair,0.1893942654132843
jbshield-qwen-phase2-qwen3-32b,qwen3-32b,jailbreak__drattack,jailbreak,drattack,jailbreak__puzzler,jailbreak,puzzler,0.12126569449901581
jbshield-qwen-phase2-qwen3-32b,qwen3-32b,jailbreak__drattack,jailbreak,drattack,jailbreak__saa,jailbreak,saa,0.7532733678817749
jbshield-qwen-phase2-qwen3-32b,qwen3-32b,jailbreak__drattack,jailbreak,drattack,jailbreak__zulu,jailbreak,zulu,0.1802777200937271
jbshield-qwen-phase2-qwen3-32b,qwen3-32b,jailbreak__drattack,jailbreak,drattack,toxic,toxic,toxic,-0.19990664720535278
jbshield-qwen-phase2-qwen3-32b,qwen3-32b,jailbreak__gcg,jailbreak,gcg,jailbreak__gcg,jailbreak,gcg,0.9999998807907104
jbshield-qwen-phase2-qwen3-32b,qwen3-32b,jailbreak__gcg,jailbreak,gcg,jailbreak__ijp,jailbreak,ijp,0.02954290248453617
jbshield-qwen-phase2-qwen3-32b,qwen3-32b,jailbreak__gcg,jailbreak,gcg,jailbreak__pair,jailbreak,pair,0.19157074391841888
jbshield-qwen-phase2-qwen3-32b,qwen3-32b,jailbreak__gcg,jailbreak,gcg,jailbreak__puzzler,jailbreak,puzzler,0.15697050094604492
jbshield-qwen-phase2-qwen3-32b,qwen3-32b,jailbreak__gcg,jailbreak,gcg,jailbreak__saa,jailbreak,saa,0.0408460833132267
jbshield-qwen-phase2-qwen3-32b,qwen3-32b,jailbreak__gcg,jailbreak,gcg,jailbreak__zulu,jailbreak,zulu,0.014799307100474834
jbshield-qwen-phase2-qwen3-32b,qwen3-32b,jailbreak__gcg,jailbreak,gcg,toxic,toxic,toxic,-0.20421074330806732
jbshield-qwen-phase2-qwen3-32b,qwen3-32b,jailbreak__ijp,jailbreak,ijp,jailbreak__ijp,jailbreak,ijp,0.9999997615814209
jbshield-qwen-phase2-qwen3-32b,qwen3-32b,jailbreak__ijp,jailbreak,ijp,jailbreak__pair,jailbreak,pair,0.1560945361852646
jbshield-qwen-phase2-qwen3-32b,qwen3-32b,jailbreak__ijp,jailbreak,ijp,jailbreak__puzzler,jailbreak,puzzler,0.095099076628685
jbshield-qwen-phase2-qwen3-32b,qwen3-32b,jailbreak__ijp,jailbreak,ijp,jailbreak__saa,jailbreak,saa,0.6661880612373352
jbshield-qwen-phase2-qwen3-32b,qwen3-32b,jailbreak__ijp,jailbreak,ijp,jailbreak__zulu,jailbreak,zulu,0.2817789316177368
jbshield-qwen-phase2-qwen3-32b,qwen3-32b,jailbreak__ijp,jailbreak,ijp,toxic,toxic,toxic,-0.1363103836774826
jbshield-qwen-phase2-qwen3-32b,qwen3-32b,jailbreak__pair,jailbreak,pair,jailbreak__pair,jailbreak,pair,1.0000001192092896
jbshield-qwen-phase2-qwen3-32b,qwen3-32b,jailbreak__pair,jailbreak,pair,jailbreak__puzzler,jailbreak,puzzler,0.6255942583084106
jbshield-qwen-phase2-qwen3-32b,qwen3-32b,jailbreak__pair,jailbreak,pair,jailbreak__saa,jailbreak,saa,0.1646561175584793
jbshield-qwen-phase2-qwen3-32b,qwen3-32b,jailbreak__pair,jailbreak,pair,jailbreak__zulu,jailbreak,zulu,-0.0017768782563507557
jbshield-qwen-phase2-qwen3-32b,qwen3-32b,jailbreak__pair,jailbreak,pair,toxic,toxic,toxic,-0.8157711029052734
jbshield-qwen-phase2-qwen3-32b,qwen3-32b,jailbreak__puzzler,jailbreak,puzzler,jailbreak__puzzler,jailbreak,puzzler,1.0000001192092896
jbshield-qwen-phase2-qwen3-32b,qwen3-32b,jailbreak__puzzler,jailbreak,puzzler,jailbreak__saa,jailbreak,saa,0.09425055980682373
jbshield-qwen-phase2-qwen3-32b,qwen3-32b,jailbreak__puzzler,jailbreak,puzzler,jailbreak__zulu,jailbreak,zulu,0.0470665879547596
jbshield-qwen-phase2-qwen3-32b,qwen3-32b,jailbreak__puzzler,jailbreak,puzzler,toxic,toxic,toxic,-0.6206015944480896
jbshield-qwen-phase2-qwen3-32b,qwen3-32b,jailbreak__saa,jailbreak,saa,jailbreak__saa,jailbreak,saa,1.0000001192092896
jbshield-qwen-phase2-qwen3-32b,qwen3-32b,jailbreak__saa,jailbreak,saa,jailbreak__zulu,jailbreak,zulu,0.16070415079593658
jbshield-qwen-phase2-qwen3-32b,qwen3-32b,jailbreak__saa,jailbreak,saa,toxic,toxic,toxic,-0.1665000319480896
jbshield-qwen-phase2-qwen3-32b,qwen3-32b,jailbreak__zulu,jailbreak,zulu,jailbreak__zulu,jailbreak,zulu,1.000000238418579
jbshield-qwen-phase2-qwen3-32b,qwen3-32b,jailbreak__zulu,jailbreak,zulu,toxic,toxic,toxic,-0.004864934366196394
jbshield-qwen-phase2-qwen3-32b,qwen3-32b,toxic,toxic,toxic,toxic,toxic,toxic,1.0000001192092896
jbshield-qwen-phase2-qwen3-8b,qwen3-8b,jailbreak__autodan,jailbreak,autodan,jailbreak__autodan,jailbreak,autodan,1.0000001192092896
jbshield-qwen-phase2-qwen3-8b,qwen3-8b,jailbreak__autodan,jailbreak,autodan,jailbreak__base64,jailbreak,base64,0.30170878767967224
jbshield-qwen-phase2-qwen3-8b,qwen3-8b,jailbreak__autodan,jailbreak,autodan,jailbreak__drattack,jailbreak,drattack,0.6005637645721436
jbshield-qwen-phase2-qwen3-8b,qwen3-8b,jailbreak__autodan,jailbreak,autodan,jailbreak__gcg,jailbreak,gcg,0.7995805740356445
jbshield-qwen-phase2-qwen3-8b,qwen3-8b,jailbreak__autodan,jailbreak,autodan,jailbreak__ijp,jailbreak,ijp,0.5959265828132629
jbshield-qwen-phase2-qwen3-8b,qwen3-8b,jailbreak__autodan,jailbreak,autodan,jailbreak__pair,jailbreak,pair,0.7249483466148376
jbshield-qwen-phase2-qwen3-8b,qwen3-8b,jailbreak__autodan,jailbreak,autodan,jailbreak__puzzler,jailbreak,puzzler,0.38846755027770996
jbshield-qwen-phase2-qwen3-8b,qwen3-8b,jailbreak__autodan,jailbreak,autodan,jailbreak__saa,jailbreak,saa,0.22534367442131042
jbshield-qwen-phase2-qwen3-8b,qwen3-8b,jailbreak__autodan,jailbreak,autodan,jailbreak__zulu,jailbreak,zulu,0.355360746383667
jbshield-qwen-phase2-qwen3-8b,qwen3-8b,jailbreak__autodan,jailbreak,autodan,toxic,toxic,toxic,-0.3668387532234192
jbshield-qwen-phase2-qwen3-8b,qwen3-8b,jailbreak__base64,jailbreak,base64,jailbreak__base64,jailbreak,base64,1.0
jbshield-qwen-phase2-qwen3-8b,qwen3-8b,jailbreak__base64,jailbreak,base64,jailbreak__drattack,jailbreak,drattack,0.3697567284107208
jbshield-qwen-phase2-qwen3-8b,qwen3-8b,jailbreak__base64,jailbreak,base64,jailbreak__gcg,jailbreak,gcg,0.2379484474658966
jbshield-qwen-phase2-qwen3-8b,qwen3-8b,jailbreak__base64,jailbreak,base64,jailbreak__ijp,jailbreak,ijp,0.3033844232559204
jbshield-qwen-phase2-qwen3-8b,qwen3-8b,jailbreak__base64,jailbreak,base64,jailbreak__pair,jailbreak,pair,0.4078623950481415
jbshield-qwen-phase2-qwen3-8b,qwen3-8b,jailbreak__base64,jailbreak,base64,jailbreak__puzzler,jailbreak,puzzler,0.6478785872459412
jbshield-qwen-phase2-qwen3-8b,qwen3-8b,jailbreak__base64,jailbreak,base64,jailbreak__saa,jailbreak,saa,0.12505222856998444
jbshield-qwen-phase2-qwen3-8b,qwen3-8b,jailbreak__base64,jailbreak,base64,jailbreak__zulu,jailbreak,zulu,0.3434326648712158
jbshield-qwen-phase2-qwen3-8b,qwen3-8b,jailbreak__base64,jailbreak,base64,toxic,toxic,toxic,-0.6805667281150818
jbshield-qwen-phase2-qwen3-8b,qwen3-8b,jailbreak__drattack,jailbreak,drattack,jailbreak__drattack,jailbreak,drattack,1.0
jbshield-qwen-phase2-qwen3-8b,qwen3-8b,jailbreak__drattack,jailbreak,drattack,jailbreak__gcg,jailbreak,gcg,0.5148608684539795
jbshield-qwen-phase2-qwen3-8b,qwen3-8b,jailbreak__drattack,jailbreak,drattack,jailbreak__ijp,jailbreak,ijp,0.6211745142936707
jbshield-qwen-phase2-qwen3-8b,qwen3-8b,jailbreak__drattack,jailbreak,drattack,jailbreak__pair,jailbreak,pair,0.6272882223129272
jbshield-qwen-phase2-qwen3-8b,qwen3-8b,jailbreak__drattack,jailbreak,drattack,jailbreak__puzzler,jailbreak,puzzler,0.48277315497398376
jbshield-qwen-phase2-qwen3-8b,qwen3-8b,jailbreak__drattack,jailbreak,drattack,jailbreak__saa,jailbreak,saa,0.3014352321624756
jbshield-qwen-phase2-qwen3-8b,qwen3-8b,jailbreak__drattack,jailbreak,drattack,jailbreak__zulu,jailbreak,zulu,0.36890608072280884
jbshield-qwen-phase2-qwen3-8b,qwen3-8b,jailbreak__drattack,jailbreak,drattack,toxic,toxic,toxic,-0.4334060251712799
jbshield-qwen-phase2-qwen3-8b,qwen3-8b,jailbreak__gcg,jailbreak,gcg,jailbreak__gcg,jailbreak,gcg,1.000000238418579
jbshield-qwen-phase2-qwen3-8b,qwen3-8b,jailbreak__gcg,jailbreak,gcg,jailbreak__ijp,jailbreak,ijp,0.5286202430725098
jbshield-qwen-phase2-qwen3-8b,qwen3-8b,jailbreak__gcg,jailbreak,gcg,jailbreak__pair,jailbreak,pair,0.5412357449531555
jbshield-qwen-phase2-qwen3-8b,qwen3-8b,jailbreak__gcg,jailbreak,gcg,jailbreak__puzzler,jailbreak,puzzler,0.33333852887153625
jbshield-qwen-phase2-qwen3-8b,qwen3-8b,jailbreak__gcg,jailbreak,gcg,jailbreak__saa,jailbreak,saa,0.2155550867319107
jbshield-qwen-phase2-qwen3-8b,qwen3-8b,jailbreak__gcg,jailbreak,gcg,jailbreak__zulu,jailbreak,zulu,0.28443458676338196
jbshield-qwen-phase2-qwen3-8b,qwen3-8b,jailbreak__gcg,jailbreak,gcg,toxic,toxic,toxic,-0.31078603863716125
jbshield-qwen-phase2-qwen3-8b,qwen3-8b,jailbreak__ijp,jailbreak,ijp,jailbreak__ijp,jailbreak,ijp,1.0000001192092896
jbshield-qwen-phase2-qwen3-8b,qwen3-8b,jailbreak__ijp,jailbreak,ijp,jailbreak__pair,jailbreak,pair,0.7045487761497498
jbshield-qwen-phase2-qwen3-8b,qwen3-8b,jailbreak__ijp,jailbreak,ijp,jailbreak__puzzler,jailbreak,puzzler,0.3900192379951477
jbshield-qwen-phase2-qwen3-8b,qwen3-8b,jailbreak__ijp,jailbreak,ijp,jailbreak__saa,jailbreak,saa,0.2917112708091736
jbshield-qwen-phase2-qwen3-8b,qwen3-8b,jailbreak__ijp,jailbreak,ijp,jailbreak__zulu,jailbreak,zulu,0.3632277548313141
jbshield-qwen-phase2-qwen3-8b,qwen3-8b,jailbreak__ijp,jailbreak,ijp,toxic,toxic,toxic,-0.36949974298477173
jbshield-qwen-phase2-qwen3-8b,qwen3-8b,jailbreak__pair,jailbreak,pair,jailbreak__pair,jailbreak,pair,1.0000001192092896
jbshield-qwen-phase2-qwen3-8b,qwen3-8b,jailbreak__pair,jailbreak,pair,jailbreak__puzzler,jailbreak,puzzler,0.4435312747955322
jbshield-qwen-phase2-qwen3-8b,qwen3-8b,jailbreak__pair,jailbreak,pair,jailbreak__saa,jailbreak,saa,0.22614242136478424
jbshield-qwen-phase2-qwen3-8b,qwen3-8b,jailbreak__pair,jailbreak,pair,jailbreak__zulu,jailbreak,zulu,0.604276716709137
jbshield-qwen-phase2-qwen3-8b,qwen3-8b,jailbreak__pair,jailbreak,pair,toxic,toxic,toxic,-0.4941451847553253
jbshield-qwen-phase2-qwen3-8b,qwen3-8b,jailbreak__puzzler,jailbreak,puzzler,jailbreak__puzzler,jailbreak,puzzler,0.9999998807907104
jbshield-qwen-phase2-qwen3-8b,qwen3-8b,jailbreak__puzzler,jailbreak,puzzler,jailbreak__saa,jailbreak,saa,0.16938041150569916
jbshield-qwen-phase2-qwen3-8b,qwen3-8b,jailbreak__puzzler,jailbreak,puzzler,jailbreak__zulu,jailbreak,zulu,0.30635204911231995
jbshield-qwen-phase2-qwen3-8b,qwen3-8b,jailbreak__puzzler,jailbreak,puzzler,toxic,toxic,toxic,-0.756154477596283
jbshield-qwen-phase2-qwen3-8b,qwen3-8b,jailbreak__saa,jailbreak,saa,jailbreak__saa,jailbreak,saa,1.0000001192092896
jbshield-qwen-phase2-qwen3-8b,qwen3-8b,jailbreak__saa,jailbreak,saa,jailbreak__zulu,jailbreak,zulu,0.08433610945940018
jbshield-qwen-phase2-qwen3-8b,qwen3-8b,jailbreak__saa,jailbreak,saa,toxic,toxic,toxic,-0.14215460419654846
jbshield-qwen-phase2-qwen3-8b,qwen3-8b,jailbreak__zulu,jailbreak,zulu,jailbreak__zulu,jailbreak,zulu,1.000000238418579
jbshield-qwen-phase2-qwen3-8b,qwen3-8b,jailbreak__zulu,jailbreak,zulu,toxic,toxic,toxic,-0.3899044692516327
jbshield-qwen-phase2-qwen3-8b,qwen3-8b,toxic,toxic,toxic,toxic,toxic,toxic,1.0
